000.00,+00.00,0.0000,0.0000
000.00,+10.00,355.9879,9.1674
000.00,+20.00,351.7620,18.2882
000.00,+30.00,347.0659,27.3059
000.00,+40.00,341.5423,36.1390
000.00,+50.00,334.6366,44.6547
000.00,+60.00,325.4343,52.6140
000.00,+70.00,312.4588,59.5590
000.00,+80.00,293.9068,64.6278
000.00,+85.00,282.4044,66.0628
000.00,-10.00,4.0121,-9.1674
000.00,-20.00,8.2380,-18.2882
000.00,-30.00,12.9341,-27.3059
000.00,-40.00,18.4577,-36.1390
000.00,-50.00,25.3634,-44.6547
000.00,-60.00,34.5657,-52.6140
000.00,-70.00,47.5412,-59.5590
000.00,-80.00,66.0932,-64.6278
000.00,-85.00,77.5956,-66.0628
000.85,+65.00,319.9837,56.5121
000.85,-65.00,40.9146,-56.0002
001.36,+25.00,350.6966,23.3457
001.36,-25.00,11.7094,-22.2849
001.77,+55.00,331.6275,49.3396
001.77,-55.00,30.8216,-48.1187
002.51,+05.00,0.3081,5.5846
002.51,-05.00,4.2918,-3.5898
002.59,+15.00,356.2685,14.7625
002.59,-15.00,8.4280,-12.7156
002.76,+25.00,351.9463,23.8970
002.76,-25.00,12.9477,-21.7400
003.05,+35.00,347.0470,32.9286
003.05,-35.00,18.1512,-30.5905
003.54,+45.00,341.1271,41.7670
003.54,-45.00,24.4761,-39.1544
004.36,+55.00,333.4440,50.2549
004.36,-55.00,32.6055,-47.2412
005.00,+00.00,4.5893,1.9868
005.08,+10.00,0.6359,11.1855
005.08,-10.00,8.6388,-7.1607
005.32,+20.00,356.5689,20.3932
005.32,-20.00,12.9993,-16.2086
005.77,+30.00,352.1393,29.5640
005.77,-30.00,17.9312,-25.0929
005.92,+65.00,322.6731,58.0864
005.92,-65.00,43.6114,-54.5079
006.53,+40.00,346.9939,38.6370
006.53,-40.00,23.7939,-33.7182
007.53,+05.00,4.9240,7.5784
007.53,-05.00,8.8868,-1.6070
007.76,+15.00,1.0044,16.8203
007.76,-15.00,13.0981,-10.6933
007.78,+50.00,340.5506,47.5136
007.78,-50.00,31.1230,-41.9303
008.28,+25.00,356.9093,26.0805
008.28,-25.00,17.7904,-19.6246
009.16,+35.00,352.3539,35.3166
009.16,-35.00,23.2674,-28.3202
009.66,+75.00,306.5346,64.6212
009.66,-75.00,58.9658,-60.3363
010.00,+00.00,9.1895,3.9608
010.00,+60.00,331.7277,56.0063
010.00,-60.00,40.7408,-49.4665
010.15,+10.00,5.3172,13.2018
010.15,-10.00,13.2560,-5.1784
010.61,+45.00,346.8906,44.4695
010.61,-45.00,29.9636,-36.6543
010.64,+20.00,1.4368,22.5087
010.64,-20.00,17.7295,-14.1683
011.55,+30.00,357.3118,31.8500
011.55,-30.00,22.8724,-22.9411
012.55,+05.00,9.5673,9.5584
012.55,-05.00,13.4879,0.3510
012.94,+15.00,5.7934,18.8752
012.94,-15.00,17.7542,-8.7090
013.05,+40.00,352.5988,41.1911
013.05,-40.00,29.0460,-31.3940
013.08,+55.00,339.6900,53.4344
013.08,-55.00,38.5304,-44.4221
013.79,+25.00,1.9604,28.2741
013.79,-25.00,22.5979,-17.5657
014.62,+70.00,318.3265,63.7002
014.62,-70.00,53.8486,-55.8748
015.00,+00.00,13.8116,5.9092
015.23,+10.00,10.0442,15.2027
015.23,-10.00,17.8749,-3.2334
015.26,+35.00,357.8007,37.7346
015.26,-35.00,28.3250,-26.1350
015.56,+50.00,346.6857,50.4804
015.56,-50.00,36.7784,-39.3649
015.96,+20.00,6.3821,24.6197
015.96,-20.00,22.4417,-12.1810
017.32,+30.00,2.6085,34.1457
017.32,-30.00,27.7753,-20.8659
017.57,+05.00,14.2493,11.5114
017.57,-05.00,18.1058,2.2716
017.68,+45.00,352.8705,47.2370
017.68,-45.00,35.3711,-34.2876
017.75,+65.00,328.9508,61.9773
017.75,-65.00,49.9414,-51.2863
018.12,+15.00,10.6497,20.9125
018.12,-15.00,22.4079,-6.7757
019.31,+25.00,7.1205,30.4610
019.31,-25.00,27.3843,-15.5772
019.58,+40.00,358.4017,43.7782
019.58,-40.00,34.2401,-29.1845
020.00,+00.00,18.4660,7.8192
020.00,+60.00,338.2356,59.6083
020.00,-60.00,46.8598,-46.5970
020.31,+10.00,14.8291,17.1743
020.31,-10.00,22.5057,-1.3384
021.28,+20.00,11.4218,26.7101
021.28,-20.00,27.1480,-10.2602
021.36,+35.00,3.4226,40.1615
021.36,-35.00,33.3434,-24.0509
021.79,+55.00,346.2352,56.7474
021.79,-55.00,44.3817,-41.8247
022.59,+05.00,18.9809,13.4241
022.59,-05.00,22.7502,4.1420
023.09,+30.00,8.0574,36.4316
023.09,-30.00,32.6554,-18.8820
023.29,+15.00,15.5874,22.9172
023.29,-15.00,27.0695,-4.9061
023.34,+50.00,353.1304,53.5248
023.34,-50.00,42.3678,-36.9810
024.75,+45.00,359.1368,50.0414
024.75,-45.00,40.7267,-32.0735
024.83,+25.00,12.4112,32.6230
024.83,-25.00,32.1623,-13.6730
025.00,+00.00,23.1626,9.6778
025.39,+10.00,19.6840,19.1025
025.39,-10.00,27.1581,0.4939
026.11,+40.00,4.4561,46.3725
026.11,-40.00,39.3974,-27.1068
026.60,+20.00,16.5733,28.7632
026.60,-20.00,31.8590,-8.4186
027.47,+35.00,9.2598,42.5737
027.47,-35.00,38.3391,-22.0833
027.61,+05.00,23.7725,15.2827
027.61,-05.00,27.4303,5.9496
028.47,+15.00,20.6206,24.8738
028.47,-15.00,31.7484,-3.1128
028.79,+80.00,295.7857,69.5231
028.79,-80.00,72.0042,-60.4905
028.87,+30.00,13.6882,38.6861
028.87,-30.00,37.5258,-17.0034
028.98,+75.00,310.0684,69.4061
028.98,-75.00,65.6057,-56.7559
029.24,+70.00,323.5399,68.2180
029.24,-70.00,60.4794,-52.7214
029.58,+65.00,335.2916,66.1347
029.58,-65.00,56.3377,-48.4643
030.00,+00.00,27.9105,11.4720
030.00,+60.00,345.1125,63.3812
030.00,-60.00,52.9630,-44.0367
030.34,+25.00,17.8552,34.7408
030.34,-25.00,36.9425,-11.8661
030.46,+10.00,24.6203,20.9725
030.46,-10.00,31.8406,2.2513
030.51,+55.00,353.2293,60.1568
030.51,-55.00,50.1955,-39.4737
031.11,+50.00,0.0038,56.6114
031.11,-50.00,47.9197,-34.7995
031.82,+45.00,5.7769,52.8500
031.82,-45.00,46.0526,-30.0303
031.93,+20.00,21.8539,30.7612
031.93,-20.00,36.5838,-6.6690
032.62,+05.00,28.6336,17.0736
032.62,-05.00,32.1543,7.6818
032.64,+40.00,10.8242,48.9446
032.64,-40.00,44.5350,-25.1771
033.57,+35.00,15.3563,44.9450
033.57,-35.00,43.3256,-20.2468
033.65,+15.00,25.7626,26.7660
033.65,-15.00,36.4525,-1.4083
034.64,+30.00,19.5326,40.8861
034.64,-30.00,42.3973,-15.2437
035.00,+00.00,32.7178,13.1885
035.54,+10.00,29.6486,22.7694
035.54,-10.00,36.5605,3.9212
035.86,+25.00,23.4752,36.7934
035.86,-25.00,41.7340,-10.1693
036.00,+85.00,281.4137,69.1263
036.00,-85.00,80.9616,-63.3308
037.25,+20.00,27.2802,32.6856
037.25,-20.00,41.3299,-5.0235
037.64,+05.00,33.5726,18.7826
037.64,-05.00,36.9289,9.3260
038.82,+15.00,31.0257,28.5768
038.82,-15.00,41.1886,0.1956
038.89,+45.00,12.8993,55.6241
038.89,+50.00,7.4666,59.6970
038.89,-45.00,51.3654,-28.1749
038.89,-50.00,53.4550,-32.8400
039.16,+40.00,17.5780,51.4605
039.16,-40.00,49.6662,-23.4103
039.23,+55.00,0.8973,63.6170
039.23,-55.00,55.9965,-37.3925
039.68,+35.00,21.7600,47.2459
039.68,-35.00,48.3136,-18.5552
040.00,+00.00,37.5912,14.8143
040.00,+60.00,352.6197,67.2804
040.00,-60.00,59.0753,-41.8144
040.41,+30.00,25.6226,43.0060
040.41,-30.00,47.2785,-13.6156
040.62,+10.00,34.7781,24.4776
040.62,-10.00,41.3236,5.4916
041.38,+25.00,29.2931,38.7588
041.38,-25.00,46.5438,-8.5948
041.41,+65.00,341.8276,70.5120
041.41,-65.00,62.8082,-46.0818
042.57,+20.00,32.8671,34.5168
042.57,-20.00,46.1034,-3.4942
042.66,+05.00,38.5964,20.3957
042.66,-05.00,41.7597,10.8696
043.86,+70.00,327.6232,73.0213
043.86,-70.00,67.3566,-50.1647
044.00,+15.00,36.4203,30.2890
044.00,-15.00,45.9617,1.6869
045.00,+00.00,42.5358,16.3361
045.69,+10.00,40.0159,26.0817
045.69,+40.00,24.7976,53.8804
045.69,-10.00,46.1344,6.9507
045.69,-40.00,54.8009,-21.8207
045.78,+35.00,28.5203,49.4431
045.78,-35.00,53.3110,-17.0215
045.96,+45.00,20.6358,58.3159
045.96,-45.00,56.6774,-26.5231
046.19,+30.00,31.9892,45.0178
046.19,-30.00,52.1759,-12.1314
046.67,+50.00,15.7371,62.7262
046.67,-50.00,58.9882,-31.1203
046.89,+25.00,35.3285,40.6130
046.89,-25.00,51.3772,-7.1543
047.68,+05.00,43.7099,21.8987
047.68,-05.00,46.6504,12.3005
047.89,+20.00,38.6273,36.2342
047.89,-20.00,50.9085,-2.0922
047.94,+55.00,9.5875,67.0672
047.94,-55.00,61.8011,-35.6020
048.30,+75.00,309.7632,74.3831
048.30,-75.00,72.9519,-54.0331
049.18,+15.00,41.9544,31.8846
049.18,-15.00,50.7751,3.0545
050.00,+00.00,47.5550,17.7410
050.00,+60.00,1.2354,71.2482
050.00,-60.00,65.2107,-39.9565
050.77,+10.00,45.3669,27.5658
050.77,-10.00,50.9956,8.2869
051.88,+35.00,35.6847,51.4993
051.88,-35.00,58.3233,-15.6578
051.96,+30.00,38.6596,46.8911
051.96,-30.00,57.0939,-10.8026
052.22,+40.00,32.5676,56.1575
052.22,-40.00,59.9459,-20.4213
052.41,+25.00,41.5970,42.3310
052.41,-25.00,56.2375,-5.8588
052.70,+05.00,48.9158,23.2774
052.70,-05.00,51.6030,13.6067
053.03,+45.00,29.1411,60.8666
053.03,-45.00,61.9967,-25.0891
053.21,+20.00,44.5693,37.8166
053.21,-20.00,55.7476,-0.8284
053.24,+65.00,348.8461,75.0608
053.24,-65.00,69.3509,-44.1742
054.35,+15.00,47.6322,33.3455
054.35,-15.00,55.6307,4.2876
054.45,+50.00,25.1057,65.6247
054.45,-50.00,64.5288,-29.6567
055.00,+00.00,52.6497,19.0165
055.85,+10.00,50.8328,28.9143
055.85,-10.00,55.9079,9.4893
056.66,+55.00,19.8516,70.4190
056.66,-55.00,67.6184,-34.1213
057.59,+80.00,289.8919,74.1240
057.59,-80.00,79.9696,-57.6967
057.72,+05.00,54.2141,24.5182
057.72,-05.00,56.6173,14.7769
057.74,+30.00,45.6536,48.5933
057.74,-30.00,62.0347,-9.6395
057.93,+25.00,48.1078,43.8864
057.93,-25.00,61.1263,-4.7184
057.99,+35.00,43.2929,53.3728
057.99,-35.00,63.3537,-14.4750
058.48,+70.00,329.2714,77.9927
058.48,-70.00,74.4183,-48.2606
058.53,+20.00,50.6967,39.2426
058.53,-20.00,60.6214,0.2871
058.74,+40.00,40.9677,58.2369
058.74,-40.00,65.1053,-19.2239
059.53,+15.00,53.4541,34.6538
059.53,-15.00,60.5281,5.3761
060.00,+00.00,57.8187,20.1504
060.00,+60.00,11.9248,75.1960
060.00,-60.00,71.3745,-38.4858
060.10,+45.00,38.5810,63.2019
060.10,-45.00,67.3281,-23.8858
060.93,+10.00,56.4117,30.1119
060.93,-10.00,60.8703,10.5476
062.23,+50.00,35.9377,68.2899
062.23,-50.00,70.0816,-28.4634
062.74,+05.00,59.6016,25.6081
062.74,-05.00,61.6912,15.8003
063.44,+25.00,54.8613,45.2528
063.44,-25.00,66.0432,-3.7424
063.51,+30.00,52.9787,50.0902
063.51,-30.00,66.9989,-8.6516
063.85,+20.00,57.0062,40.4909
063.85,-20.00,65.5290,1.2453
064.09,+35.00,51.3684,55.0183
064.09,-35.00,68.4033,-13.4830
064.70,+15.00,59.4150,35.7920
064.70,-15.00,65.4656,6.3108
065.00,+00.00,63.0582,21.1314
065.07,+65.00,357.1426,79.7260
065.07,-65.00,75.9560,-42.7715
065.27,+40.00,50.0572,60.0563
065.27,-40.00,70.2805,-18.2387
065.38,+55.00,32.5562,73.5304
065.38,-55.00,73.4522,-32.9662
066.00,+10.00,62.0979,31.1442
066.00,-10.00,65.8799,11.4525
067.18,+45.00,49.1025,65.2309
067.18,-45.00,72.6733,-22.9241
067.61,+75.00,300.9057,78.9361
067.61,-75.00,80.7285,-52.2814
067.76,+05.00,65.0720,26.5349
067.76,-05.00,66.8201,16.6673
068.96,+25.00,61.8462,46.4041
068.96,-25.00,70.9863,-2.9388
069.17,+20.00,63.4865,41.5412
069.17,-20.00,70.4677,2.0381
069.28,+30.00,60.6256,51.3476
069.28,-30.00,71.9849,-7.8473
069.88,+15.00,65.5041,36.7440
069.88,-15.00,70.4394,7.0835
070.00,+00.00,68.3615,21.9494
070.00,+60.00,26.8552,78.9490
070.00,-60.00,77.5653,-37.4211
070.01,+50.00,48.6246,70.5806
070.01,-50.00,75.6480,-27.5520
070.19,+35.00,59.9075,56.3887
070.19,-35.00,73.4710,-12.6902
071.08,+10.00,67.8810,31.9979
071.08,-10.00,70.9316,12.1956
071.80,+40.00,59.8498,61.5475
071.80,-40.00,75.4708,-17.4744
072.00,+85.00,274.8077,71.2558
072.00,-85.00,86.7364,-61.7655
072.78,+05.00,70.6158,27.2877
072.78,-05.00,71.9975,17.3694
073.10,+70.00,323.5155,82.8945
073.10,-70.00,81.6065,-47.0528
074.10,+55.00,48.9151,76.1630
074.10,-55.00,79.3018,-32.1498
074.25,+45.00,60.7720,66.8478
074.25,-45.00,78.0316,-22.2131
074.48,+25.00,69.0381,47.3161
074.48,-25.00,75.9521,-2.3145
074.49,+20.00,70.1177,42.3748
074.49,-20.00,75.4330,2.6585
075.00,+00.00,73.7196,22.5955
075.06,+15.00,71.7046,37.4950
075.06,+30.00,68.5631,52.3329
075.06,-15.00,75.4443,7.6874
075.06,-30.00,76.9898,-7.2332
076.16,+10.00,73.7467,32.6615
076.16,-10.00,76.0188,12.7699
076.30,+35.00,68.8685,57.4384
076.30,-35.00,78.5543,-12.1035
076.90,+65.00,10.1508,84.4164
076.90,-65.00,82.6073,-41.8965
077.79,+50.00,63.4101,72.3131
077.79,-50.00,81.2264,-26.9320
077.80,+05.00,76.2202,27.8574
077.80,-05.00,77.2146,17.8993
078.32,+40.00,70.2848,62.6425
078.32,-40.00,80.6739,-16.9380
079.81,+20.00,76.8708,42.9761
079.81,-20.00,80.4195,3.1011
079.99,+25.00,76.3983,47.9680
079.99,-25.00,80.9357,-1.8750
080.00,+00.00,79.1212,23.0624
080.00,+60.00,51.0177,82.0669
080.00,-60.00,83.7770,-36.7765
080.23,+15.00,77.9938,38.0331
080.23,-15.00,80.4735,8.1169
080.83,+30.00,76.7355,53.0178
080.83,-30.00,82.0094,-6.8147
081.23,+10.00,79.6764,33.1257
081.23,-10.00,81.1333,13.1699
081.32,+45.00,73.4862,67.9422
081.32,-45.00,83.4001,-21.7594
082.40,+35.00,78.1639,58.1275
082.40,-35.00,83.6492,-11.7281
082.81,+55.00,69.9189,77.9376
082.81,-55.00,85.1633,-31.6813
082.82,+05.00,81.8697,28.2367
082.82,-05.00,82.4613,18.2515
084.85,+40.00,81.2050,63.2822
084.85,-40.00,85.8857,-16.6342
085.00,+00.00,84.5529,23.3448
085.13,+20.00,83.7089,43.3331
085.13,-20.00,85.4204,3.3620
085.41,+15.00,84.3439,38.3492
085.41,-15.00,85.5192,8.3679
085.51,+25.00,83.8746,48.3439
085.51,-25.00,85.9314,-1.6241
085.56,+50.00,80.0470,73.2861
085.56,-50.00,86.8129,-26.6098
086.31,+10.00,85.6483,33.3836
086.31,-10.00,86.2657,13.3915
086.38,+80.00,272.6960,76.5268
086.38,-80.00,88.8600,-56.5750
086.60,+30.00,85.0641,53.3811
086.60,-30.00,87.0385,-6.5956
086.93,+75.00,275.3773,81.5033
086.93,-75.00,88.7234,-51.5743
087.71,+70.00,282.7595,86.4588
087.71,-70.00,88.8630,-46.5697
087.83,+05.00,87.5466,28.4208
087.83,-05.00,87.7259,18.4222
088.39,+45.00,86.9002,68.4219
088.39,-45.00,88.7747,-21.5676
088.51,+35.00,87.6625,58.4272
088.51,-35.00,88.7510,-11.5672
088.73,+65.00,70.9953,88.3550
088.73,-65.00,89.2841,-41.5639
090.00,+00.00,90.0000,23.4393
090.00,+60.00,90.0000,83.4393
090.00,-60.00,90.0000,-36.5607
090.46,+20.00,90.5890,43.4384
090.46,-20.00,90.4284,3.4386
090.59,+15.00,90.7235,38.4378
090.59,-15.00,90.5729,8.4381
091.03,+25.00,91.4052,48.4343
091.03,-25.00,90.9326,-1.5640
091.38,+40.00,92.3612,63.4280
091.38,-40.00,91.1017,-16.5660
091.39,+10.00,91.6384,33.4314
091.39,-10.00,91.4058,13.4325
091.53,+55.00,94.3768,78.4160
091.53,-55.00,91.0305,-31.5662
092.38,+30.00,93.4532,53.4108
092.38,-30.00,92.0712,-6.5778
092.85,+05.00,93.2320,28.4073
092.85,-05.00,92.9959,18.4096
093.34,+50.00,97.5188,73.3520
093.34,-50.00,92.4026,-26.5886
094.61,+35.00,97.2026,58.3241
094.61,-35.00,93.8541,-11.6224
095.00,+00.00,95.4471,23.3448
095.46,+45.00,100.4560,68.2412
095.46,-45.00,94.1504,-21.6393
095.76,+15.00,97.0993,38.2974
095.76,-15.00,95.6255,8.3268
095.78,+20.00,97.4651,43.2897
095.78,-20.00,95.4358,3.3304
096.47,+10.00,97.6217,33.2684
096.47,-10.00,96.5429,13.2926
096.55,+25.00,98.9233,48.2367
096.55,-25.00,95.9326,-1.6954
097.87,+05.00,98.9063,28.1962
097.87,-05.00,98.2588,18.2139
097.91,+40.00,103.4527,63.0706
097.91,-40.00,96.3165,-16.7339
098.15,+30.00,101.7999,53.1060
098.15,-30.00,97.1014,-6.7614
100.00,+00.00,100.8788,23.0624
100.00,+60.00,128.9823,82.0669
100.00,-60.00,96.2230,-36.7765
100.25,+55.00,117.9890,77.4411
100.25,-55.00,96.8966,-31.8058
100.56,+65.00,165.0657,85.4008
100.56,-65.00,95.9636,-41.7792
100.71,+35.00,106.6162,57.8229
100.71,-35.00,98.9531,-11.8931
100.94,+15.00,103.4382,37.9303
100.94,-15.00,100.6683,8.0351
101.10,+20.00,104.2916,42.8903
101.10,-20.00,100.4348,3.0382
101.12,+50.00,114.3518,72.4998
101.12,-50.00,97.9899,-26.8687
101.54,+10.00,103.5734,32.8970
101.54,-10.00,101.6668,12.9730
102.06,+25.00,106.3631,47.7564
102.06,-25.00,100.9245,-2.0170
102.33,+70.00,222.6238,84.3021
102.33,-70.00,96.1288,-46.8230
102.53,+45.00,113.5471,67.4177
102.53,-45.00,99.5223,-21.9740
102.89,+05.00,104.5506,27.7904
102.89,-05.00,103.5021,17.8371
103.92,+30.00,110.0063,52.4766
103.92,-30.00,102.1231,-7.1448
104.43,+40.00,114.1935,62.2324
104.43,-40.00,101.5252,-17.1364
105.00,+00.00,106.2804,22.5955
106.12,+15.00,109.7095,37.3431
106.12,-15.00,105.6926,7.5657
106.25,+75.00,245.1289,80.0829
106.25,-75.00,96.7477,-51.9414
106.42,+20.00,111.0262,42.2483
106.42,-20.00,105.4181,2.5649
106.62,+10.00,109.4706,32.3228
106.62,-10.00,106.7674,12.4771
106.82,+35.00,115.7547,56.9453
106.82,-35.00,104.0426,-12.3769
107.58,+25.00,113.6659,47.0053
107.58,-25.00,105.9021,-2.5260
107.91,+05.00,110.1476,27.1952
107.91,-05.00,108.7143,17.2832
108.00,+85.00,265.1923,71.2558
108.00,-85.00,93.2636,-61.7655
108.90,+50.00,129.4283,70.8621
108.90,-50.00,103.5697,-27.4473
108.97,+55.00,137.3293,75.3135
108.97,-55.00,102.7545,-32.3973
109.60,+45.00,125.7192,66.0258
109.60,-45.00,104.8856,-22.5685
109.70,+30.00,117.9900,51.5426
109.70,-30.00,107.1310,-7.7246
110.00,+00.00,111.6385,21.9494
110.00,+60.00,153.1448,78.9490
110.00,-60.00,102.4347,-37.4211
110.96,+40.00,124.3705,60.9621
110.96,-40.00,106.7233,-17.7698
111.29,+15.00,115.8866,36.5453
111.29,-15.00,110.6910,6.9230
111.70,+10.00,115.2932,31.5539
111.70,-10.00,111.8362,11.8097
111.74,+20.00,117.6334,41.3764
111.74,-20.00,110.3792,1.9145
112.39,+65.00,180.7141,80.7337
112.39,-65.00,102.6222,-42.5390
112.92,+35.00,124.5083,55.7263
112.92,-35.00,109.1184,-13.0696
112.93,+05.00,115.6820,26.4180
112.93,-05.00,113.8855,16.5581
113.10,+25.00,120.7844,46.0015
113.10,-25.00,110.8599,-3.2178
115.00,+00.00,116.9418,21.1314
115.18,+80.00,253.3849,75.0287
115.18,-80.00,97.8479,-57.2492
115.47,+30.00,125.6913,50.3311
115.47,-30.00,112.1206,-8.4958
116.47,+15.00,121.9479,35.5498
116.47,-15.00,115.6569,6.1128
116.67,+45.00,136.7638,64.1709
116.67,-45.00,110.2370,-23.4169
116.68,+50.00,142.4020,68.6378
116.68,-50.00,109.1379,-28.3182
116.77,+10.00,121.0248,30.6009
116.77,-10.00,116.8655,10.9771
116.95,+70.00,211.2516,79.5527
116.95,-70.00,103.3447,-47.8064
117.06,+20.00,124.0857,40.2909
117.06,-20.00,115.3128,1.0929
117.49,+40.00,133.8685,59.3238
117.49,-40.00,111.9075,-18.6283
117.68,+55.00,152.2545,72.4771
117.68,-55.00,108.5988,-33.3339
117.95,+05.00,121.1416,25.4682
117.95,-05.00,119.0073,15.6692
118.61,+25.00,127.6852,44.7670
118.61,-25.00,115.7936,-4.0866
119.03,+35.00,132.8133,54.2096
119.03,-35.00,114.1770,-13.9651
120.00,+00.00,122.1813,20.1504
120.00,+60.00,168.0752,75.1960
120.00,-60.00,108.6255,-38.4858
121.24,+30.00,133.0746,48.8740
121.24,-30.00,117.0887,-9.4517
121.64,+15.00,127.8780,34.3715
121.64,-15.00,120.5856,5.1425
121.85,+10.00,126.6533,29.4765
121.85,-10.00,121.8498,9.9872
122.38,+20.00,130.3646,39.0107
122.38,-20.00,120.2148,0.1072
122.97,+05.00,126.5171,24.3569
122.97,-05.00,124.0732,14.6250
123.74,+45.00,146.6815,61.9629
123.74,-45.00,115.5746,-24.5113
124.01,+40.00,142.6619,57.3865
124.01,-40.00,117.0759,-19.7043
124.13,+25.00,134.3488,43.3270
124.13,-25.00,120.7002,-5.1249
124.23,+65.00,189.5309,76.0527
124.23,-65.00,109.2387,-43.8303
124.46,+50.00,153.4714,66.0156
124.46,-50.00,114.6926,-29.4726
125.00,+00.00,127.3503,19.0165
125.13,+35.00,140.6487,52.4419
125.13,-35.00,119.2168,-15.0556
125.57,+75.00,231.7635,75.9210
125.57,-75.00,104.6149,-53.3674
126.40,+55.00,163.9793,69.2603
126.40,-55.00,114.4267,-34.6050
126.82,+15.00,133.6675,33.0271
126.82,-15.00,125.4736,4.0204
126.93,+10.00,132.1708,28.1945
126.93,-10.00,126.7851,8.8488
127.02,+30.00,140.1270,47.2057
127.02,-30.00,122.0337,-10.5845
127.70,+20.00,136.4603,37.5564
127.70,-20.00,125.0827,-1.0344
127.99,+05.00,131.8028,23.0964
127.99,-05.00,129.0792,13.4355
129.65,+25.00,140.7686,41.7079
129.65,-25.00,125.5783,-6.3243
130.00,+00.00,132.4450,17.7410
130.00,+60.00,178.7646,71.2482
130.00,-60.00,114.7893,-39.9565
130.54,+40.00,150.7870,55.2164
130.54,-40.00,122.2289,-20.9885
130.81,+45.00,155.5924,59.5002
130.81,-45.00,120.8991,-25.8416
131.23,+35.00,148.0262,50.4697
131.23,-35.00,124.2377,-16.3321
131.57,+70.00,211.4913,74.5650
131.57,-70.00,110.4521,-49.4968
132.00,+15.00,139.3126,31.5341
132.00,-15.00,130.3196,2.7560
132.01,+10.00,137.5739,26.7699
132.01,-10.00,131.6694,7.5719
132.24,+50.00,163.0219,63.1429
132.24,-50.00,120.2347,-30.8991
132.79,+30.00,146.8535,45.3602
132.79,-30.00,126.9556,-11.8847
133.01,+05.00,136.9960,21.6998
133.01,-05.00,134.0232,12.1116
133.02,+20.00,142.3708,35.9494
133.02,-20.00,129.9159,-2.3225
135.00,+00.00,137.4642,16.3361
135.12,+55.00,173.6105,65.8612
135.12,-55.00,120.2389,-36.1965
135.16,+25.00,146.9487,39.9361
135.16,-25.00,130.4283,-7.6752
136.06,+65.00,196.7243,71.4739
136.06,-65.00,115.7958,-45.6320
137.07,+40.00,158.3141,52.8728
137.07,-40.00,127.3689,-22.4697
137.08,+10.00,142.8625,25.2183
137.08,-10.00,136.5028,6.1672
137.17,+15.00,144.8145,29.9105
137.17,-15.00,135.1237,1.3593
137.34,+35.00,154.9786,48.3365
137.34,-35.00,129.2419,-17.7840
137.89,+45.00,163.6591,56.8646
137.89,-45.00,126.2136,-27.3958
138.03,+05.00,142.0970,20.1810
138.03,-05.00,138.9056,10.6645
138.34,+20.00,148.1006,34.2110
138.34,-20.00,134.7153,-3.7471
138.56,+30.00,153.2720,43.3706
138.56,-30.00,131.8564,-13.3422
140.00,+00.00,142.4088,14.8143
140.00,+60.00,187.3803,67.2804
140.00,-60.00,120.9247,-41.8144
140.02,+50.00,171.4271,60.1271
140.02,-50.00,125.7685,-32.5838
140.68,+25.00,152.9010,38.0376
140.68,-25.00,135.2524,-9.1669
142.16,+10.00,148.0403,23.5552
142.16,-10.00,141.2871,4.6458
142.35,+15.00,150.1785,28.1744
142.35,-15.00,139.8880,-0.1585
143.04,+05.00,147.1089,18.5539
143.04,-05.00,143.7284,9.1064
143.44,+35.00,161.5507,46.0820
143.44,-35.00,134.2336,-19.3999
143.59,+40.00,165.3268,50.4071
143.59,-40.00,132.5012,-24.1358
143.66,+20.00,153.6591,32.3625
143.66,-20.00,139.4838,-5.2971
143.83,+55.00,181.8913,62.3992
143.83,-55.00,126.0408,-38.0914
143.97,+80.00,244.7698,70.7647
143.97,-80.00,106.1340,-59.6453
144.00,+85.00,258.5863,69.1263
144.00,-85.00,99.0384,-63.3308
144.34,+30.00,159.4088,41.2678
144.34,-30.00,136.7401,-14.9457
144.89,+75.00,229.4711,70.9851
144.89,-75.00,112.1234,-55.7923
144.96,+45.00,171.0436,54.1215
144.96,-45.00,131.5248,-29.1603
145.00,+00.00,147.2822,13.1885
146.19,+70.00,215.0262,69.6941
146.19,-70.00,117.3933,-51.8549
146.20,+25.00,158.6426,36.0369
146.20,-25.00,140.0546,-10.7884
147.24,+10.00,153.1134,21.7966
147.24,-10.00,146.0260,3.0194
147.53,+15.00,155.4131,26.3436
147.53,-15.00,144.6163,-1.7862
147.79,+50.00,178.9887,57.0457
147.79,-50.00,131.3028,-34.5106
147.89,+65.00,203.3308,67.0557
147.89,-65.00,122.2822,-47.9156
148.06,+05.00,152.0368,16.8328
148.06,-05.00,148.4957,7.4495
148.98,+20.00,159.0593,30.4241
148.98,-20.00,144.2258,-6.9612
149.54,+35.00,167.7915,43.7412
149.54,-35.00,139.2197,-21.1671
150.00,+00.00,152.0895,11.4720
150.00,+60.00,194.8875,63.3812
150.00,-60.00,127.0370,-44.0367
150.11,+30.00,165.2943,39.0800
150.11,-30.00,141.6127,-16.6830
150.12,+40.00,171.9084,47.8629
150.12,-40.00,137.6337,-25.9732
151.71,+25.00,164.1944,33.9575
151.71,-25.00,144.8410,-12.5277
152.03,+45.00,177.8887,51.3234
152.03,-45.00,136.8429,-31.1199
152.31,+10.00,158.0902,19.9579
152.31,-10.00,150.7245,1.3002
152.55,+55.00,189.2906,58.9509
152.55,-55.00,131.8441,-40.2699
152.70,+15.00,160.5294,24.4354
152.70,-15.00,149.3142,-3.5120
153.08,+05.00,156.8878,15.0318
153.08,-05.00,153.2132,5.7062
154.31,+20.00,164.3166,28.4154
154.31,-20.00,148.9476,-8.7275
155.00,+00.00,156.8374,9.6778
155.57,+50.00,185.9339,53.9564
155.57,-50.00,136.8512,-36.6621
155.65,+35.00,173.7498,41.3456
155.65,-35.00,144.2094,-23.0723
155.88,+30.00,170.9606,36.8333
155.88,-30.00,146.4826,-18.5416
156.65,+40.00,178.1357,45.2776
156.65,-40.00,142.7778,-27.9673
157.23,+25.00,169.5786,31.8209
157.23,-25.00,149.6192,-14.3724
157.39,+10.00,162.9807,18.0542
157.39,-10.00,155.3896,-0.4997
157.88,+15.00,165.5397,22.4665
157.88,-15.00,153.9884,-5.3236
158.10,+05.00,161.6706,13.1649
158.10,-05.00,157.8880,3.8892
159.10,+45.00,184.3134,48.5127
159.10,-45.00,142.1826,-33.2582
159.63,+20.00,169.4478,26.3547
159.63,-20.00,153.6571,-10.5835
159.72,+65.00,209.6991,62.8472
159.72,-65.00,128.6941,-50.6466
160.00,+00.00,161.5340,7.8192
160.00,+60.00,201.7644,59.6083
160.00,-60.00,133.1402,-46.5970
160.81,+70.00,219.9581,65.0766
160.81,-70.00,124.1085,-54.8284
161.27,+55.00,196.1060,55.5707
161.27,-55.00,137.6677,-42.7102
161.66,+30.00,176.4394,34.5515
161.66,-30.00,151.3601,-20.5079
161.75,+35.00,179.4718,38.9228
161.75,-35.00,149.2149,-25.1012
162.47,+10.00,167.7958,16.1005
162.47,-10.00,160.0291,-2.3679
162.75,+25.00,174.8179,29.6474
162.75,-25.00,154.3990,-16.3096
163.06,+15.00,170.4577,20.4530
163.06,-15.00,158.6473,-7.2088
163.12,+05.00,166.3948,11.2460
163.12,-05.00,162.5282,2.0111
163.18,+40.00,184.0768,42.6830
163.18,-40.00,147.9483,-30.1027
163.35,+50.00,192.4308,50.9038
163.35,-50.00,142.4338,-39.0188
164.21,+75.00,232.0721,66.0978
164.21,-75.00,119.0242,-59.1151
164.95,+20.00,174.4701,24.2596
164.95,-20.00,158.3637,-12.5167
165.00,+00.00,166.1884,5.9092
166.17,+45.00,190.4142,45.7246
166.17,-45.00,147.5634,-35.5577
167.43,+30.00,181.7610,32.2560
167.43,-30.00,156.2579,-22.5680
167.55,+10.00,172.5475,14.1111
167.55,-10.00,164.6521,-4.2918
167.86,+35.00,184.9996,36.4977
167.86,-35.00,154.2510,-27.2389
168.14,+05.00,171.0708,9.2885
168.14,-05.00,167.1432,0.0847
168.23,+15.00,175.2975,18.4104
168.23,-15.00,163.3006,-9.1548
168.27,+25.00,179.9348,27.4559
168.27,-25.00,159.1917,-18.3260
169.70,+40.00,189.7901,40.1068
169.70,-40.00,153.1640,-32.3628
169.99,+55.00,202.5319,52.3007
169.99,-55.00,143.5400,-45.3884
170.00,+00.00,170.8105,3.9608
170.00,+60.00,208.2723,56.0063
170.00,-60.00,139.2592,-49.4665
170.27,+20.00,179.4010,22.1467
170.27,-20.00,163.0781,-14.5139
171.13,+50.00,198.6034,47.9242
171.13,-50.00,148.0780,-41.5601
171.55,+65.00,215.9831,58.8953
171.55,-65.00,135.0371,-53.7861
172.62,+10.00,177.2480,12.1001
172.62,-10.00,169.2687,-6.2587
172.76,+80.00,245.1325,65.8174
172.76,-80.00,112.7004,-63.4882
173.16,+05.00,175.7097,7.3058
173.16,-05.00,171.7428,-1.8775
173.21,+30.00,186.9535,29.9669
173.21,-30.00,161.1911,-24.7073
173.24,+45.00,196.2686,42.9892
173.24,-45.00,153.0105,-37.9995
173.41,+15.00,180.0733,16.3536
173.41,-15.00,167.9588,-11.1489
173.78,+25.00,184.9507,25.2641
173.78,-25.00,164.0106,-20.4077
173.96,+35.00,190.3708,34.0924
173.96,-35.00,159.3358,-29.4697
175.00,+00.00,175.4107,1.9868
175.43,+70.00,225.6516,60.8086
175.43,-70.00,130.5269,-58.3541
175.59,+20.00,184.2573,20.0319
175.59,-20.00,167.8126,-16.5619
176.23,+40.00,195.3252,37.5737
176.23,-40.00,158.4482,-34.7300
177.70,+10.00,181.9095,10.0811
177.70,-10.00,173.8897,-8.2560
178.18,+05.00,180.3228,5.3111
178.18,-05.00,176.3378,-3.8627
178.59,+15.00,184.7991,14.2970
178.59,-15.00,172.6338,-13.1779
178.70,+55.00,208.6990,49.1759
178.70,-55.00,149.5020,-48.2790
178.91,+50.00,204.5440,45.0484
178.91,-50.00,153.8202,-44.2636
178.98,+30.00,192.0427,27.7026
178.98,-30.00,166.1769,-26.9106
179.30,+25.00,189.8858,23.0887
179.30,-25.00,168.8705,-22.5403
180.00,+00.00,180.0000,0.0000
180.00,+60.00,214.5657,52.6140
180.00,+85.00,257.5956,66.0628
180.00,-60.00,145.4343,-52.6140
180.00,-85.00,102.4044,-66.0628
180.06,+35.00,195.6186,31.7275
180.06,-35.00,164.4908,-31.7768
180.31,+45.00,201.9387,40.3327
180.31,-45.00,158.5559,-40.5635
180.91,+20.00,189.0553,17.9303
180.91,-20.00,172.5807,-18.6469
182.76,+40.00,200.7238,35.1059
182.76,-40.00,163.8290,-37.1859
182.78,+10.00,186.5444,8.0676
182.78,-10.00,178.5266,-10.2706
183.20,+05.00,184.9213,3.3172
183.20,-05.00,180.9392,-5.8580
183.38,+65.00,222.2621,55.2461
183.38,-65.00,141.3288,-57.2919
183.53,+75.00,237.0680,61.6289
183.53,-75.00,124.9499,-63.1956
183.76,+15.00,189.4884,12.2546
183.76,-15.00,177.3380,-15.2285
184.75,+30.00,197.0518,25.4804
184.75,-30.00,171.2352,-29.1619
184.82,+25.00,194.7588,20.9455
184.82,-25.00,173.7881,-24.7090
185.00,+00.00,184.5893,-1.9868
186.17,+35.00,200.7719,29.4218
186.17,-35.00,169.7409,-34.1427
186.23,+20.00,193.8103,15.8564
186.23,-20.00,177.3968,-20.7547
186.69,+50.00,210.3219,42.3036
186.69,-50.00,159.7090,-47.1052
187.38,+45.00,207.4740,37.7787
187.38,-45.00,164.2402,-43.2280
187.42,+55.00,214.6978,46.2274
187.42,-55.00,155.6110,-51.3544
187.85,+10.00,191.1645,6.0727
187.85,-10.00,183.1913,-12.2893
188.22,+05.00,189.5165,1.3371
188.22,-05.00,185.5582,-7.8508
188.94,+15.00,194.1543,10.2397
188.94,-15.00,182.0847,-17.2869
189.28,+40.00,206.0210,32.7236
189.28,-40.00,169.3403,-39.7103
190.00,+00.00,189.1895,-3.9608
190.00,+60.00,220.7408,49.4665
190.00,-60.00,151.7277,-56.0063
190.05,+70.00,231.8370,56.9732
190.05,-70.00,136.5488,-62.3608
190.33,+25.00,199.5866,18.8494
190.33,-25.00,178.7816,-26.8982
190.53,+30.00,202.0015,23.3166
190.53,-30.00,176.3884,-31.4443
191.55,+20.00,198.5365,13.8242
191.55,-20.00,182.2768,-22.8706
192.27,+35.00,205.8555,27.1929
192.27,-35.00,175.1150,-36.5486
192.93,+10.00,195.7813,4.1092
192.93,-10.00,187.8960,-14.2989
193.24,+05.00,194.1193,-0.6166
193.24,-05.00,190.2062,-9.8279
194.11,+15.00,198.8089,8.2658
194.11,-15.00,186.8878,-19.3390
194.45,+45.00,212.9141,35.3486
194.45,-45.00,170.1137,-45.9691
194.47,+50.00,215.9894,39.7145
194.47,-50.00,165.8083,-50.0586
195.00,+00.00,193.8116,-5.9092
195.21,+65.00,228.5801,51.9443
195.21,-65.00,147.6035,-61.1196
195.81,+40.00,211.2457,30.4457
195.81,-40.00,175.0229,-42.2813
195.85,+25.00,204.3846,16.8152
195.85,-25.00,183.8708,-29.0914
196.14,+55.00,220.5920,43.4832
196.14,-55.00,161.9484,-54.5847
196.30,+30.00,206.9100,21.2268
196.30,-30.00,181.6612,-33.7397
196.87,+20.00,203.2469,11.8474
196.87,-20.00,187.2370,-24.9792
198.01,+10.00,200.4054,2.1900
198.01,-10.00,192.6532,-16.2856
198.25,+05.00,198.7402,-2.5310
198.25,-05.00,194.8943,-11.7761
198.38,+35.00,210.8908,25.0574
198.38,-35.00,180.6465,-38.9739
199.29,+15.00,203.4634,6.3458
199.29,-15.00,191.7613,-21.3703
200.00,+00.00,198.4660,-7.8192
200.00,+60.00,226.8598,46.5970
200.00,-60.00,158.2356,-59.6083
201.37,+25.00,209.1665,14.8566
201.37,-25.00,189.0770,-31.2712
201.53,+45.00,218.2903,33.0626
201.53,-45.00,176.2397,-48.7605
201.56,+80.00,250.2683,61.4217
201.56,-80.00,115.8597,-68.2675
202.07,+30.00,211.7931,19.2257
202.07,-30.00,187.0810,-36.0288
202.19,+20.00,207.9533,9.9392
202.19,-20.00,192.2947,-27.0644
202.24,+50.00,221.5862,37.3038
202.24,-50.00,172.2032,-53.0941
202.34,+40.00,216.4219,28.2899
202.34,-40.00,180.9250,-44.8748
202.84,+75.00,243.4050,57.8062
202.84,-75.00,129.2402,-67.8483
203.09,+10.00,205.0470,0.3277
203.09,-10.00,197.4749,-18.2352
203.27,+05.00,203.3890,-4.3936
203.27,-05.00,199.6336,-13.6822
204.47,+15.00,208.1282,4.4925
204.47,-15.00,196.7194,-23.3655
204.48,+35.00,215.8957,23.0309
204.48,-35.00,186.3731,-41.3964
204.67,+70.00,238.3761,53.6464
204.67,-70.00,142.0003,-66.7699
204.85,+55.00,226.4266,40.9696
204.85,-55.00,168.6311,-57.9361
205.00,+00.00,203.1626,-9.6778
206.88,+25.00,213.9442,12.9871
206.88,-25.00,194.4222,-33.4190
207.04,+65.00,234.9611,49.0333
207.04,-65.00,153.9225,-65.2238
207.51,+20.00,212.6661,8.1124
207.51,-20.00,197.4670,-29.1094
207.85,+30.00,216.6643,17.3275
207.85,-30.00,192.6774,-38.2905
208.16,+10.00,209.7148,-1.4651
208.16,-10.00,202.3730,-20.1334
208.29,+05.00,208.0747,-6.1917
208.29,-05.00,204.4341,-15.5324
208.60,+45.00,223.6273,30.9394
208.60,-45.00,182.6973,-51.5715
208.87,+40.00,221.5691,26.2728
208.87,-40.00,187.1038,-47.4635
209.64,+15.00,212.8122,2.7183
209.64,-15.00,201.7761,-25.3089
210.00,+00.00,207.9105,-11.4720
210.00,+60.00,232.9630,44.0367
210.00,-60.00,165.1125,-63.3812
210.02,+50.00,227.1419,35.0927
210.02,-50.00,179.0077,-56.1772
210.58,+35.00,220.8853,21.1285
210.58,-35.00,192.3369,-43.7912
212.40,+25.00,218.7276,11.2198
212.40,-25.00,199.9292,-35.5150
212.84,+20.00,217.3940,6.3798
212.84,-20.00,202.7714,-31.0962
213.24,+10.00,214.4169,-3.1762
213.24,-10.00,207.3584,-21.9653
213.31,+05.00,212.8052,-7.9126
213.31,-05.00,209.3054,-17.3129
213.57,+55.00,232.2336,38.7108
213.57,-55.00,175.8313,-61.3691
213.62,+30.00,221.5349,15.5457
213.62,-30.00,198.4816,-40.5020
214.82,+15.00,217.5231,1.0355
214.82,-15.00,206.9446,-27.1842
215.00,+00.00,212.7178,-13.1885
215.39,+40.00,226.7025,24.4101
215.39,-40.00,193.6255,-50.0164
215.67,+45.00,228.9444,28.9964
215.67,-45.00,189.5849,-54.3666
216.00,+85.00,260.9616,63.3308
216.00,-85.00,101.4137,-69.1263
216.69,+35.00,225.8714,19.3643
216.69,-35.00,198.5841,-46.1304
217.80,+50.00,232.6785,33.1009
217.80,-50.00,186.3762,-59.2659
217.92,+25.00,223.5252,9.5672
217.92,-25.00,205.6206,-37.5378
218.16,+20.00,222.1444,4.7534
218.16,-20.00,208.2241,-33.0061
218.32,+10.00,219.1598,-4.7932
218.32,-10.00,212.4410,-23.7156
218.33,+05.00,217.5872,-9.5437
218.33,-05.00,214.2557,-19.0096
218.87,+65.00,241.4156,46.5534
218.87,-65.00,160.4002,-69.5580
219.29,+70.00,245.1834,50.8965
219.29,-70.00,146.5181,-71.4947
219.39,+30.00,226.4139,13.8935
219.39,-30.00,204.5259,-42.6380
220.00,+00.00,217.5912,-14.8143
220.00,+15.00,222.2672,-0.5439
220.00,+60.00,239.0753,41.8144
220.00,-15.00,212.2366,-28.9742
220.00,-60.00,172.6197,-67.2804
221.92,+40.00,231.8342,22.7165
221.92,-40.00,200.5659,-52.4969
222.16,+75.00,250.5617,54.7969
222.16,-75.00,130.4741,-72.8091
222.29,+55.00,238.0344,36.7294
222.29,-55.00,183.8103,-64.8338
222.74,+45.00,234.2555,27.2499
222.74,-45.00,197.0236,-57.1025
222.79,+35.00,230.8633,17.7517
222.79,-35.00,205.1637,-48.3828
223.35,+05.00,222.4260,-11.0726
223.35,-05.00,219.2915,-20.6085
223.39,+10.00,223.9486,-6.3041
223.39,-10.00,217.6290,-25.3689
223.43,+25.00,228.3433,8.0414
223.43,-25.00,211.5175,-39.4646
223.48,+20.00,226.9231,3.2450
223.48,-20.00,213.8399,-34.8192
225.00,+00.00,222.5358,-16.3361
225.17,+15.00,227.0491,-2.0082
225.17,+30.00,231.3081,12.3830
225.17,-15.00,217.6623,-30.6615
225.17,-30.00,210.8415,-44.6711
225.58,+50.00,238.2113,31.3466
225.58,-50.00,194.5176,-62.3070
228.37,+05.00,227.3252,-12.4870
228.37,-05.00,224.4176,-22.0952
228.45,+40.00,236.9726,21.2057
228.45,-40.00,208.0077,-54.8626
228.47,+10.00,228.7867,-7.6974
228.47,-10.00,222.9283,-26.9093
228.80,+20.00,231.7338,1.8659
228.80,-20.00,219.6307,-36.5150
228.90,+35.00,235.8678,16.3034
228.90,-35.00,212.1246,-50.5130
228.95,+25.00,233.1864,6.6537
228.95,-25.00,217.6383,-41.2710
229.81,+45.00,239.5707,25.7149
229.81,-45.00,205.1581,-59.7257
230.00,+00.00,227.5550,-17.7410
230.00,+60.00,245.2107,39.9565
230.00,-60.00,181.2354,-71.2482
230.35,+15.00,231.8720,-3.3462
230.35,+80.00,257.8443,58.2508
230.35,-15.00,223.2287,-32.2282
230.35,-80.00,112.3822,-73.0830
230.70,+65.00,247.9434,44.5414
230.70,-65.00,167.2759,-74.0743
230.94,+30.00,236.2222,11.0259
230.94,-30.00,217.4564,-46.5712
231.01,+55.00,243.8426,35.0457
231.01,-55.00,192.9768,-68.2616
233.36,+50.00,243.7505,29.8462
233.36,-50.00,203.7115,-65.2292
233.39,+05.00,232.2863,-13.7753
233.39,-05.00,229.6362,-23.4558
233.55,+10.00,233.6759,-8.9617
233.55,-10.00,228.3421,-28.3211
233.90,+70.00,252.1936,48.7830
233.90,-70.00,149.1762,-76.4296
234.12,+20.00,236.5789,0.6268
234.12,-20.00,225.6044,-38.0722
234.47,+25.00,238.0573,5.4149
234.47,-25.00,223.9965,-42.9314
234.97,+40.00,242.1233,19.8903
234.97,-40.00,216.0348,-57.0634
235.00,+00.00,232.6497,-19.0165
235.00,+35.00,240.8891,15.0307
235.00,-35.00,219.5114,-52.4814
235.53,+15.00,236.7371,-4.5473
235.53,-15.00,228.9394,-33.6561
236.71,+30.00,241.1589,9.8328
236.71,-30.00,224.3922,-48.3061
236.88,+45.00,244.8962,24.4050
236.88,-45.00,214.1516,-62.1694
238.41,+05.00,237.3090,-14.9260
238.41,-05.00,234.9469,-24.6767
238.63,+10.00,238.6159,-10.0866
238.63,-10.00,233.8703,-29.5889
239.44,+20.00,241.4586,-0.4624
239.44,-20.00,231.7633,-39.4694
239.72,+55.00,249.6656,33.6777
239.72,-55.00,203.9800,-71.5489
239.98,+25.00,242.9567,4.3347
239.98,-25.00,230.5983,-44.4195
240.00,+00.00,237.8187,-20.1504
240.00,+60.00,251.3745,38.4858
240.00,-60.00,191.9248,-75.1960
240.70,+15.00,241.6439,-5.6017
240.70,-15.00,234.7934,-34.9273
241.10,+35.00,245.9293,13.9442
241.10,-35.00,227.3567,-54.2443
241.14,+50.00,249.3014,28.6141
241.14,-50.00,214.3140,-67.9347
241.48,+75.00,258.2265,52.7270
241.48,-75.00,125.1383,-77.6021
241.50,+40.00,247.2893,18.7813
241.50,-40.00,224.7209,-59.0410
242.49,+30.00,246.1190,8.8133
242.49,-30.00,231.6588,-49.8419
242.54,+65.00,254.5363,43.0283
242.54,-65.00,175.1719,-78.7200
243.43,+05.00,242.3907,-15.9285
243.43,-05.00,240.3462,-25.7450
243.70,+10.00,243.6046,-11.0621
243.70,-10.00,239.5089,-30.6978
243.95,+45.00,250.2351,23.3319
243.95,-45.00,224.1651,-64.3505
244.76,+20.00,246.3718,-1.3929
244.76,-20.00,238.1031,-40.6852
245.00,+00.00,243.0582,-21.1314
245.50,+25.00,247.8837,3.4221
245.50,-25.00,237.4400,-45.7086
245.88,+15.00,246.5900,-6.5004
245.88,-15.00,240.7845,-36.0247
247.21,+35.00,250.9883,13.0529
247.21,-35.00,235.6715,-55.7552
248.03,+40.00,252.4711,17.8884
248.03,-40.00,234.1093,-60.7302
248.26,+30.00,251.1013,7.9759
248.26,-30.00,239.2504,-51.1441
248.44,+55.00,255.5052,32.6403
248.44,-55.00,217.8178,-74.5259
248.45,+05.00,247.5267,-16.7734
248.45,-05.00,245.8274,-26.6485
248.52,+70.00,259.3484,47.3537
248.52,-70.00,146.8524,-81.3986
248.78,+10.00,248.6379,-11.8794
248.78,-10.00,245.2496,-31.6340
248.92,+50.00,254.8660,27.6626
248.92,-50.00,226.7195,-70.2881
250.00,+00.00,248.3615,-21.9494
250.00,+60.00,257.5653,37.4211
250.00,-60.00,206.8552,-78.9490
250.08,+20.00,251.3153,-2.1566
250.08,-20.00,244.6109,-41.6996
251.02,+25.00,252.8357,2.6847
251.02,+45.00,255.5876,22.5056
251.02,-25.00,244.5058,-46.7733
251.02,-45.00,235.3117,-66.1690
251.05,+15.00,251.5713,-7.2355
251.05,-15.00,246.9005,-36.9323
252.00,+85.00,266.7364,61.7655
252.00,-85.00,94.8077,-71.2558
253.31,+35.00,256.0644,12.3646
253.31,-35.00,244.4340,-56.9674
253.46,+05.00,252.7100,-17.4523
253.46,-05.00,251.3803,-27.3767
253.86,+10.00,253.7100,-12.5310
253.86,-10.00,251.0799,-32.3851
254.03,+30.00,256.1031,7.3277
254.03,-30.00,247.1398,-52.1797
254.37,+65.00,261.1793,42.0387
254.37,-65.00,186.4583,-83.4186
254.55,+40.00,257.6672,17.2197
254.55,-40.00,244.1860,-62.0621
255.00,+00.00,253.7196,-22.5955
255.40,+20.00,256.2847,-2.7470
255.40,-20.00,251.2652,-42.4945
256.23,+15.00,256.5824,-7.8002
256.23,-15.00,253.1233,-37.6360
256.54,+25.00,257.8088,2.1287
256.54,-25.00,251.7657,-47.5906
256.69,+50.00,260.4428,27.0012
256.69,-50.00,241.2098,-72.1113
257.16,+55.00,261.3596,31.9452
257.16,-55.00,235.7518,-76.9077
258.09,+45.00,260.9518,21.9340
258.09,-45.00,247.5769,-67.5147
258.48,+05.00,257.9319,-17.9581
258.48,-05.00,256.9918,-27.9207
258.93,+10.00,258.8132,-13.0106
258.93,-10.00,256.9831,-32.9406
259.14,+80.00,266.5861,56.6894
259.14,-80.00,97.9137,-76.2593
259.41,+35.00,261.1542,11.8852
259.41,-35.00,253.5796,-57.8374
259.81,+30.00,261.1205,6.8743
259.81,-30.00,255.2758,-52.9196
260.00,+00.00,259.1212,-23.0624
260.00,+60.00,263.7770,36.7765
260.00,-60.00,231.0177,-82.0669
260.72,+20.00,261.2741,-3.1587
260.72,-20.00,258.0356,-43.0548
260.80,+75.00,266.1732,51.6829
260.80,-75.00,105.4406,-81.0585
261.08,+40.00,262.8745,16.7811
261.08,-40.00,254.8509,-62.9710
261.41,+15.00,261.6160,-8.1896
261.41,-15.00,259.4289,-38.1245
262.05,+25.00,262.7976,1.7592
262.05,-25.00,259.1759,-48.1411
263.14,+70.00,266.5899,46.6419
263.14,-70.00,123.2721,-85.7311
263.50,+05.00,263.1817,-18.2856
263.50,-05.00,262.6462,-28.2736
264.01,+10.00,263.9388,-13.3134
264.01,-10.00,262.9388,-33.2926
264.47,+50.00,266.0285,26.6369
264.47,-50.00,257.6302,-73.2020
265.00,+00.00,264.5529,-23.3448
265.17,+45.00,266.3242,21.6224
265.17,-45.00,260.7307,-68.2838
265.52,+35.00,266.2533,11.6190
265.52,-35.00,262.9975,-58.3304
265.58,+30.00,266.1484,6.6198
265.58,-30.00,263.5834,-53.3409
265.88,+55.00,267.2238,31.6004
265.88,-55.00,258.2910,-78.2716
266.04,+20.00,266.2768,-3.3882
266.04,-20.00,264.8841,-43.3691
266.20,+65.00,267.8526,41.5891
266.20,-65.00,223.2703,-87.7941
266.58,+15.00,266.6643,-8.3997
266.58,-15.00,265.7885,-38.3894
267.57,+25.00,267.7962,1.5793
267.57,-25.00,266.6801,-48.4113
267.61,+40.00,268.0888,16.5766
267.61,-40.00,265.9055,-63.4053
268.52,+05.00,268.4478,-18.4313
268.52,-05.00,268.3254,-28.4307
269.09,+10.00,269.0766,-13.4364
269.09,-10.00,268.9238,-33.4359
270.00,+00.00,270.0000,-23.4393
270.00,+60.00,270.0000,36.5607
270.00,-60.00,270.0000,-83.4393
271.35,+30.00,271.1809,6.5663
271.35,-30.00,271.9692,-53.4300
271.37,+20.00,271.2853,-3.4332
271.37,-20.00,271.7668,-43.4309
271.62,+35.00,271.3564,11.5683
271.62,-35.00,272.5385,-58.4250
271.76,+15.00,271.7186,-8.4288
271.76,-15.00,272.1702,-38.4260
272.24,+45.00,271.7001,21.5739
272.24,-45.00,274.2993,-68.4059
272.25,+50.00,271.6181,26.5734
272.25,-50.00,275.0714,-73.3997
273.09,+25.00,272.7977,1.5907
273.09,-25.00,274.2139,-48.3942
273.54,+05.00,273.7176,-18.3936
273.54,-05.00,274.0104,-28.3900
274.14,+40.00,273.3049,16.6081
274.14,-40.00,277.0717,-63.3378
274.17,+10.00,274.2164,-13.3783
274.17,-10.00,274.9133,-33.3683
274.59,+55.00,273.0915,31.6100
274.59,-55.00,283.0142,-78.2317
275.00,+00.00,275.4471,-23.3448
276.69,+20.00,276.2917,-3.2934
276.69,-20.00,278.6377,-43.2390
276.94,+15.00,276.7698,-8.2764
276.94,-15.00,278.5405,-38.2339
277.13,+30.00,276.2119,6.7143
277.13,-30.00,280.3308,-53.1840
277.73,+35.00,276.4581,11.7338
277.73,-35.00,282.0344,-58.1170
277.76,+70.00,273.8592,46.6647
277.76,-70.00,53.6941,-85.5258
278.03,+65.00,274.5334,41.6870
278.03,-65.00,338.3452,-86.3588
278.56,+05.00,278.9785,-18.1729
278.56,-05.00,279.6817,-28.1521
278.60,+25.00,277.7955,1.7932
278.60,-25.00,281.7102,-48.0902
279.24,+10.00,279.3476,-13.1399
279.24,-10.00,280.8822,-33.0908
279.31,+45.00,277.0744,21.7890
279.31,-45.00,287.6716,-67.8691
280.00,+00.00,280.8788,-23.0624
280.00,+60.00,276.2230,36.7765
280.00,-60.00,308.9823,-82.0669
280.03,+50.00,277.2061,26.8113
280.03,-50.00,292.0776,-72.6710
280.12,+75.00,274.2081,51.7085
280.12,-75.00,73.1841,-80.9570
280.66,+40.00,278.5177,16.8755
280.66,-40.00,288.0469,-62.7729
282.01,+20.00,281.2885,-2.9700
282.01,-20.00,285.4512,-42.7974
282.11,+15.00,281.8090,-7.9441
282.11,-15.00,284.8667,-37.8162
282.90,+30.00,281.2355,7.0625
282.90,-30.00,288.5686,-52.6108
283.31,+55.00,278.9554,31.9737
283.31,-55.00,305.3334,-76.8013
283.58,+05.00,284.2182,-17.7716
283.58,-05.00,285.3205,-27.7200
283.83,+35.00,281.5529,12.1137
283.83,-35.00,291.3240,-57.4199
284.12,+25.00,282.7828,2.1851
284.12,-25.00,289.1053,-47.5071
284.32,+10.00,284.4599,-12.7234
284.32,-10.00,286.8068,-32.6076
285.00,+00.00,286.2804,-22.5955
286.38,+45.00,282.4421,22.2656
286.38,-45.00,300.3037,-66.7244
287.19,+40.00,283.7224,17.3761
287.19,-40.00,298.5700,-61.7451
287.29,+15.00,286.8281,-7.4350
287.29,-15.00,291.1188,-37.1803
287.33,+20.00,286.2685,-2.4660
287.33,-20.00,292.1664,-42.1150
287.81,+50.00,282.7872,27.3483
287.81,-50.00,307.4388,-71.1320
287.94,+80.00,275.6221,56.9115
287.94,-80.00,77.4452,-75.7565
288.00,+85.00,273.2636,61.7655
288.00,-85.00,85.1923,-71.2558
288.60,+05.00,289.4254,-17.1939
288.60,-05.00,290.9097,-27.0993
288.68,+30.00,286.2462,7.6079
288.68,-30.00,296.5967,-51.7289
289.40,+10.00,289.5441,-12.1330
289.40,-10.00,292.6654,-31.9257
289.64,+25.00,287.7536,2.7629
289.64,-25.00,296.3442,-46.6594
289.86,+65.00,281.1984,42.3309
289.86,-65.00,358.3340,-81.7419
289.93,+35.00,286.6359,12.7048
289.93,-35.00,300.2768,-56.3630
290.00,+00.00,291.6385,-21.9494
290.00,+60.00,282.4347,37.4211
290.00,-60.00,333.1448,-78.9490
292.03,+55.00,284.8091,32.6874
292.03,-55.00,323.0189,-74.3779
292.38,+70.00,281.0970,47.4215
292.38,-70.00,32.7074,-81.0968
292.47,+15.00,291.8196,-6.7538
292.47,-15.00,297.2713,-36.3365
292.65,+20.00,291.2253,-1.7859
292.65,-20.00,298.7488,-41.2054
293.45,+45.00,287.7992,22.9991
293.45,-45.00,311.8728,-65.0667
293.62,+05.00,294.5902,-16.4459
293.62,-05.00,296.4346,-26.2978
293.72,+40.00,288.9149,18.1054
293.72,-40.00,308.4685,-60.3110
294.45,+30.00,291.2393,8.3457
294.45,-30.00,304.3513,-50.5642
294.47,+10.00,294.5921,-11.3743
294.47,-10.00,298.4400,-31.0547
295.00,+00.00,296.9418,-21.1314
295.15,+25.00,292.7028,3.5215
295.15,-25.00,303.3847,-45.5668
295.59,+50.00,288.3572,28.1786
295.59,-50.00,320.7038,-68.9779
296.04,+35.00,291.7032,13.5019
296.04,-35.00,308.8065,-54.9863
297.64,+15.00,296.7775,-5.9066
297.64,-15.00,303.3040,-35.2982
297.97,+20.00,296.1537,-0.9357
297.97,-20.00,305.1725,-40.0851
298.64,+05.00,299.7047,-15.5351
298.64,-05.00,301.8831,-25.3252
299.44,+75.00,282.1459,52.8027
299.44,-75.00,54.3612,-77.3905
299.55,+10.00,299.5974,-10.4547
299.55,-10.00,304.1165,-30.0063
300.00,+00.00,302.1813,-20.1504
300.00,+60.00,288.6255,38.4858
300.00,-60.00,348.0752,-75.1960
300.22,+30.00,296.2114,9.2695
300.22,-30.00,311.7924,-49.1482
300.24,+40.00,294.0926,19.0568
300.24,-40.00,317.6678,-58.5380
300.52,+45.00,293.1432,23.9825
300.52,-45.00,322.2944,-63.0065
300.67,+25.00,297.6266,4.4544
300.67,-25.00,310.1985,-44.2526
300.74,+55.00,290.6478,33.7429
300.74,-55.00,336.6729,-71.3782
301.69,+65.00,287.8256,43.5098
301.69,-65.00,7.8420,-77.0494
302.14,+35.00,296.7524,14.4980
302.14,-35.00,316.8721,-53.3355
302.82,+15.00,301.6972,-4.9012
302.82,-15.00,309.2028,-34.0807
303.29,+20.00,301.0500,0.0773
303.29,-20.00,311.4205,-38.7737
303.37,+50.00,293.9138,29.2939
303.37,-50.00,332.0187,-66.4017
303.66,+05.00,304.7626,-14.4704
303.66,-05.00,307.2466,-24.1927
304.63,+10.00,304.5552,-9.3824
304.63,-10.00,309.6850,-28.7939
305.00,+00.00,307.3503,-19.0165
306.00,+30.00,301.1606,10.3716
306.00,-30.00,318.9034,-47.5147
306.19,+25.00,302.5227,5.5539
306.19,-25.00,316.7713,-42.7427
306.77,+40.00,299.2544,20.2220
306.77,-40.00,326.1719,-56.4946
307.00,+70.00,288.2445,48.8943
307.00,-70.00,30.8979,-76.1210
307.59,+45.00,298.4735,25.2066
307.59,-45.00,331.6453,-60.6488
307.99,+15.00,306.5758,-3.7459
307.99,-15.00,314.9597,-32.7011
308.25,+35.00,301.7824,15.6847
308.25,-35.00,324.4706,-51.4578
308.61,+20.00,305.9120,1.2446
308.61,-20.00,317.4844,-37.2917
308.67,+05.00,309.7601,-13.2619
308.67,-05.00,312.5197,-22.9128
309.46,+55.00,296.4698,35.1284
309.46,-55.00,347.5554,-68.0798
309.71,+10.00,309.4628,-8.1670
309.71,-10.00,315.1401,-27.4321
310.00,+00.00,312.4450,-17.7410
310.00,+60.00,294.7893,39.9565
310.00,-60.00,358.7646,-71.2482
311.14,+50.00,299.4575,30.6830
311.14,-50.00,341.7584,-63.5568
311.70,+25.00,307.3901,6.8109
311.70,-25.00,323.1009,-41.0636
311.77,+30.00,306.0865,11.6429
311.77,-30.00,325.6865,-45.6981
313.17,+15.00,311.4121,-2.4506
313.17,-15.00,320.5721,-31.1769
313.30,+40.00,304.4014,21.5908
313.30,-40.00,334.0347,-54.2445
313.52,+65.00,294.3966,45.2043
313.52,-65.00,15.2512,-72.4432
313.69,+05.00,314.6957,-11.9204
313.69,-05.00,317.7002,-21.4987
313.93,+20.00,310.7392,2.5568
313.93,-20.00,323.3636,-35.6607
314.35,+35.00,306.7944,17.0521
314.35,-35.00,331.6260,-49.3982
314.66,+45.00,303.7919,26.6604
314.66,-45.00,340.0760,-58.0829
314.78,+10.00,314.3192,-6.8188
314.78,-10.00,320.4804,-25.9360
315.00,+00.00,317.4642,-16.3361
316.73,+80.00,284.1665,58.8926
316.73,-80.00,65.8900,-71.9686
317.22,+25.00,312.2301,8.2156
317.22,-25.00,329.1943,-39.2416
317.54,+30.00,310.9908,13.0734
317.54,-30.00,332.1578,-43.7317
318.18,+55.00,302.2775,36.8285
318.18,-55.00,356.6443,-64.6478
318.35,+15.00,316.2070,-1.0255
318.35,-15.00,326.0422,-29.5262
318.71,+05.00,319.5697,-10.4574
318.71,-05.00,322.7888,-19.9641
318.76,+75.00,289.7921,54.9196
318.76,-75.00,49.4771,-72.5719
318.92,+50.00,304.9921,32.3323
318.92,-50.00,350.3044,-60.5558
319.25,+20.00,315.5331,4.0036
319.25,-20.00,329.0633,-33.9021
319.82,+40.00,309.5373,23.1517
319.82,-40.00,341.3341,-51.8435
319.86,+10.00,319.1254,-5.3488
319.86,-10.00,325.7078,-24.3215
320.00,+00.00,322.4088,-14.8143
320.00,+60.00,300.9247,41.8144
320.00,-60.00,7.3803,-67.2804
320.45,+35.00,311.7915,18.5893
320.45,-35.00,338.3783,-47.1984
321.62,+70.00,295.2440,51.0486
321.62,-70.00,33.7218,-71.1952
321.73,+45.00,309.1036,28.3308
321.73,-45.00,347.7523,-55.3816
322.74,+25.00,317.0455,9.7571
322.74,-25.00,335.0657,-37.3021
323.32,+30.00,315.8771,14.6519
323.32,-30.00,338.3423,-41.6467
323.52,+15.00,320.9627,0.5183
323.52,-15.00,331.3760,-27.7671
323.73,+05.00,324.3846,-8.8850
323.73,-05.00,327.7887,-18.3233
324.00,+85.00,279.0384,63.3308
324.00,-85.00,78.5863,-69.1263
324.57,+20.00,320.2967,5.5740
324.57,-20.00,334.5937,-32.0367
324.94,+10.00,323.8842,-3.7685
324.94,-10.00,330.8274,-22.6043
325.00,+00.00,327.2822,-13.1885
325.35,+65.00,300.8987,47.3874
325.35,-65.00,21.9429,-67.9863
326.35,+40.00,314.6685,24.8918
326.35,-40.00,348.1548,-49.3397
326.56,+35.00,316.7793,20.2840
326.56,-35.00,344.7750,-44.8957
326.70,+50.00,310.5255,34.2262
326.70,-50.00,357.9691,-57.4798
326.90,+55.00,308.0782,38.8254
326.90,-55.00,4.5726,-61.1833
328.25,+25.00,321.8410,11.4239
328.25,-25.00,340.7340,-35.2695
328.70,+15.00,325.6836,2.1693
328.70,-15.00,336.5828,-25.9172
328.75,+05.00,329.1448,-7.2155
328.75,-05.00,332.7057,-16.5905
328.80,+45.00,314.4170,30.2034
328.80,-45.00,354.8271,-52.6028
329.09,+30.00,320.7512,16.3665
329.09,-30.00,344.2700,-39.4720
329.90,+20.00,325.0348,7.2565
329.90,-20.00,339.9683,-30.0850
330.00,+00.00,332.0895,-11.4720
330.00,+60.00,307.0370,44.0367
330.00,-60.00,14.8875,-63.3812
330.01,+10.00,328.6003,-2.0899
330.01,-10.00,335.8467,-20.7999
332.66,+35.00,321.7659,22.1234
332.66,-35.00,350.8656,-42.5232
332.88,+40.00,319.8043,26.7972
332.88,-40.00,354.5779,-46.7740
333.77,+05.00,333.8560,-5.4614
333.77,+25.00,326.6234,13.2040
333.77,-05.00,337.5468,-14.7796
333.77,-25.00,346.2206,-33.1663
333.88,+15.00,330.3755,3.9155
333.88,-15.00,341.6739,-23.9938
334.48,+50.00,316.0710,36.3473
334.48,-50.00,4.9895,-54.3887
334.86,+30.00,325.6208,18.2045
334.86,-30.00,349.9727,-37.2340
335.00,+00.00,336.8374,-9.6778
335.09,+10.00,333.2796,-0.3250
335.09,-10.00,340.7749,-18.9238
335.22,+20.00,329.7539,9.0389
335.22,-20.00,345.2028,-28.0660
335.61,+55.00,313.8860,41.0984
335.61,-55.00,11.7393,-57.7535
335.88,+45.00,319.7448,32.2624
335.88,-45.00,1.4302,-49.7931
336.24,+70.00,302.0367,53.8360
336.24,-70.00,38.3149,-66.4872
337.18,+65.00,307.3265,50.0257
337.18,-65.00,28.3455,-63.7289
338.07,+75.00,296.9179,57.9706
338.07,-75.00,50.9107,-67.6176
338.76,+35.00,326.7620,24.0936
338.76,-35.00,356.6978,-40.1105
338.79,+05.00,338.5255,-3.6352
338.79,-05.00,342.3210,-12.9048
339.05,+15.00,335.0454,5.7449
339.05,-15.00,346.6621,-22.0134
339.29,+25.00,331.4010,15.0848
339.29,-25.00,351.5481,-31.0136
339.41,+40.00,324.9576,28.8530
339.41,-40.00,0.6766,-44.1811
340.00,+00.00,341.5340,-7.8192
340.00,+60.00,313.1402,46.5970
340.00,-60.00,21.7644,-59.6083
340.17,+10.00,337.9296,1.5138
340.17,-10.00,345.6227,-16.9909
340.54,+20.00,334.4622,10.9091
340.54,-20.00,350.3141,-25.9982
340.64,+30.00,330.4961,20.1528
340.64,-30.00,355.4824,-34.9567
342.26,+50.00,321.6473,38.6764
342.26,-50.00,11.5409,-51.3286
342.95,+45.00,325.1040,34.4907
342.95,-45.00,7.6680,-46.9907
343.81,+05.00,343.1617,-1.7498
343.81,-05.00,347.0379,-10.9798
344.23,+15.00,339.7022,7.6450
344.23,-15.00,351.5611,-19.9920
344.33,+55.00,319.7230,43.6251
344.33,-55.00,18.3997,-54.4076
344.81,+25.00,336.1841,17.0531
344.81,-25.00,356.7392,-28.8313
344.87,+35.00,331.7811,26.1800
344.87,-35.00,2.3157,-37.6836
345.00,+00.00,346.1884,-5.9092
345.25,+10.00,342.5589,3.4140
345.25,-10.00,350.4017,-15.0160
345.53,+80.00,291.2863,62.4094
345.53,-80.00,64.4626,-67.0444
345.86,+20.00,339.1693,12.8541
345.86,-20.00,355.3196,-23.8990
345.93,+40.00,330.1447,31.0431
345.93,-40.00,6.5149,-41.5910
346.41,+30.00,335.3893,22.1973
346.41,-30.00,0.8297,-32.6622
348.83,+05.00,347.7739,0.1823
348.83,-05.00,351.7082,-9.0181
349.01,+65.00,313.6832,53.0811
349.01,-65.00,34.6392,-59.7181
349.41,+15.00,344.3556,9.6030
349.41,-15.00,356.3851,-17.9449
350.00,+00.00,350.8105,-3.9608
350.00,+60.00,319.2592,49.4665
350.00,-60.00,28.2723,-56.0063
350.02,+45.00,330.5173,36.8700
350.02,-45.00,13.6262,-44.2279
350.04,+50.00,327.2808,41.1931
350.04,-50.00,17.7529,-48.3368
350.32,+10.00,347.1771,5.3630
350.32,+25.00,340.9849,19.0954
350.32,-10.00,355.1238,-13.0130
350.32,-25.00,1.8161,-26.6377
350.86,+70.00,308.5567,57.1964
350.86,-70.00,43.8093,-62.1005
350.97,+35.00,336.8396,28.3672
350.97,-35.00,7.7591,-35.2659
351.18,+20.00,343.8862,14.8610
351.18,-20.00,0.2365,-21.7847
352.18,+30.00,340.3150,24.3237
352.18,-30.00,6.0431,-30.3705
352.46,+40.00,335.3862,33.3507
352.46,-40.00,12.1473,-39.0302
353.05,+55.00,325.6214,46.3809
353.05,-55.00,24.7223,-51.1849
353.85,+05.00,352.3723,2.1484
353.85,-05.00,356.3429,-7.0330
354.58,+15.00,349.0166,11.6062
354.58,-15.00,1.1484,-15.8869
355.00,+00.00,355.4107,-1.9868
355.40,+10.00,351.7948,7.3481
355.40,-10.00,359.8015,-10.9960
355.84,+25.00,345.8173,21.1978
355.84,-25.00,6.7996,-24.4501
356.50,+20.00,348.6255,16.9163
356.50,-20.00,5.0818,-19.6710
357.08,+35.00,341.9573,30.6390
357.08,-35.00,13.0635,-32.8788
357.09,+45.00,336.0135,39.3809
357.09,-45.00,19.3735,-41.5323
357.39,+75.00,303.2054,61.8282
357.39,-75.00,55.3018,-62.9870
357.82,+50.00,333.0067,43.8752
357.82,-50.00,23.7214,-45.4447
357.96,+30.00,345.2902,26.5169
357.96,-30.00,11.1488,-28.1006
358.87,+05.00,356.9676,4.1357
358.87,-05.00,0.9533,-5.0376
358.99,+40.00,340.7074,35.7577
358.99,-40.00,17.6201,-36.5221
359.76,+15.00,353.6971,13.6413
359.76,-15.00,5.8647,-13.8323
090.00,-66.56,90.0000,-66.5600
270.00,+66.56,270.0000,66.5600